term,estimate,std.error,statistic,p.value,conf.low,conf.high
(Intercept),10.59218045899251,0.6830233184825939,15.507787468404624,2.425034144062384e-41,9.248668598181048,11.935692319803973
bill_length_mm,0.19989428095469602,0.017493646434669306,11.426678920327383,8.661123746494311e-26,0.16548415052747356,0.2343044113819185
speciesChinstrap,-1.9331942643786695,0.22416004842880477,-8.62416955175074,2.545386476301378e-16,-2.3741187183976518,-1.4922698103596872
speciesGentoo,-5.10602007725579,0.19142432176023316,-26.673831362199053,3.6502254153408375e-85,-5.482553117597687,-4.729487036913893
